{
"lengthUnit": "mil",
"components": {
	"fields": ["COMPONENT_NO", "COMPONENT_NAME", "LAYER", "X_COORDINATE", "Y_COORDINATE", "ANGLE"],
	"rows": [
		[1, "BAT1", "T", 1720, -5660, 0],
		[2, "C1", "T", 2570.08, -2296.06, 180],
		[3, "C3", "T", 2240, -2220, 0],
		[4, "C4", "T", 1340, -5400, 180],
		[5, "C5", "T", 1790, -3450, 0],
		[6, "C6", "T", 1512.44, -5367.56, 90],
		[7, "C7", "T", 1790, -3900, 0],
		[8, "C8", "T", 1870, -3750, 0],
		[9, "C9", "T", 2170, -3450, 0],
		[10, "C10", "T", 1690, -3570, 0],
		[11, "C11", "T", 2290, -3900, 0],
		[12, "C12", "T", 2140, -3870, 90],
		[13, "C13", "T", 2010, -3760, 0],
		[14, "D1", "T", 846.46, -4803.15, 90],
		[15, "D2", "T", 649.61, -4803.15, 90],
		[16, "D3", "T", 531.5, -3444.88, 0],
		[17, "D4", "T", 531.5, -3287.4, 0],
		[18, "D5", "T", 590.55, -2322.83, 0],
		[19, "D6", "T", 590.55, -2165.35, 0],
		[20, "DIGITAL_OUT_1", "T", 3625, -4815, 270],
		[21, "DIGITAL_OUT_2", "T", 3625, -4110, 270],
		[22, "ENPW", "T", 2090, -3640, 0],
		[23, "H4", "T", 1937.01, -2385.83, 90],
		[24, "H5", "T", 3270, -1740, 270],
		[25, "IIC1", "T", 892.91, -1866.14, 0],
		[26, "IIC2", "T", 1573.23, -1866.14, 0],
		[27, "J2", "T", 2221.5, -2439.31, 270],
		[28, "L1", "T", 1570, -4130, 270],
		[29, "L2", "T", 2000, -4130, 270],
		[30, "PRG", "T", 2466.14, -2078.74, 0],
		[31, "Q1", "T", 1103.32, -3861.57, 90],
		[32, "Q2", "T", 1100.96, -3560.07, 90],
		[33, "Q4", "T", 1099.92, -2992.25, 90],
		[34, "Q7", "T", 1101.95, -3271.16, 90],
		[35, "Q8", "T", 1104.65, -2718.23, 90],
		[36, "Q9", "T", 1104.65, -2458.39, 90],
		[37, "R1", "T", 2600, -1539.32, 90],
		[38, "R2", "T", 3316.54, -2275.07, 90],
		[39, "R26", "T", 2585.92, -3102.02, 180],
		[40, "R27", "T", 2585.92, -2980.22, 180],
		[41, "R28", "T", 2585.92, -3040.85, 180],
		[42, "R29", "T", 1948.55, -1974.8, 0],
		[43, "R30", "T", 2070.43, -1977.24, 0],
		[44, "R31", "T", 2571.39, -2363.52, 180],
		[45, "R32", "T", 2570.08, -2177.95, 0],
		[46, "R33", "T", 2570.08, -2234.65, 0],
		[47, "R34", "T", 2726.91, -2235.28, 180],
		[48, "R35", "T", 1304.48, -3814.08, 270],
		[49, "R36", "T", 1297.4, -3516.46, 270],
		[50, "R37", "T", 1297.35, -3224.67, 270],
		[51, "R38", "T", 1294.94, -2953.14, 270],
		[52, "R39", "T", 1293.62, -2680.44, 270],
		[53, "R40", "T", 1293.62, -2411.15, 270],
		[54, "R42", "T", 2219.66, -2319.66, 270],
		[55, "R43", "T", 2257.43, -2055.68, 90],
		[56, "R44", "T", 2240, -2160, 180],
		[57, "R45", "T", 2330.34, -1940.34, 270],
		[58, "R46", "T", 2585, -3165, 180],
		[59, "R47", "T", 2585, -3230, 180],
		[60, "R48", "T", 2585, -3295, 180],
		[61, "R49", "T", 1870, -3570, 180],
		[62, "R50", "T", 1870, -3640, 0],
		[63, "R51", "T", 2140, -3760, 0],
		[64, "R52", "T", 2260, -3730, 270],
		[65, "RS485-1", "T", 787.4, -5708.66, 180],
		[66, "RS485-2", "T", 295.28, -4744.09, 90],
		[67, "RS485-3", "T", 295.28, -4074.8, 90],
		[68, "RS485-4", "T", 295.28, -2795.28, 90],
		[69, "RS485-5", "T", 295.28, -1082.68, 90],
		[70, "RS485-6", "T", 1141.73, -314.96, 0],
		[71, "RST", "T", 2470, -1490, 270],
		[72, "U1", "T", 3031.5, -1771.65, 0],
		[73, "U2", "T", 2844.09, -2664.57, 270],
		[74, "U3", "T", 2839.37, -3094.49, 270],
		[75, "U4", "T", 4210, -1670, 90],
		[76, "U5", "T", 2466.14, -2607.87, 90],
		[77, "U9", "T", 1700, -3660, 0],
		[78, "U10", "T", 1785.7, -5238.71, 270],
		[79, "U11", "T", 2000, -3890, 90],
		[80, "U$1", "T", 1559.06, -1437.01, 180],
		[81, "V", "T", 1100, -2120, 180],
		[82, "V1", "T", 1440, -2120, 180],
		[83, "VBAT", "T", 2400, -2880, 0],
		[84, "VBAT_2", "T", 2090, -2990, 180]
	]
},
"pins": {
	"fields": ["PIN_NO", "PIN_NAME", "PIN_X", "PIN_Y", "LAYER", "PIN_TYPE", "NET_NAME", "NET_TYPE", "PAD_SHAPE", "PAD_SIZEX", "PAD_SIZEY", "HOLE_SIZE", "PAD_ANGLE"],
	"rows": [
		[1, "BAT1_1", 1495, -5660, "T", "DIP", "12V", "", "R", 90.55, 90.55, 55.12, 0],
		[2, "BAT1_1", 1495, -5660, "B", "DIP", "12V", "", "R", 90.55, 90.55, 55.12, 0],
		[3, "BAT1_2", 1645, -5660, "T", "DIP", "GND", "GND", "C", 90.55, 90.55, 55.12, 0],
		[4, "BAT1_2", 1645, -5660, "B", "DIP", "GND", "GND", "C", 90.55, 90.55, 55.12, 0],
		[5, "BAT1_3", 1795, -5660, "T", "DIP", "GND", "GND", "C", 90.55, 90.55, 55.12, 0],
		[6, "BAT1_3", 1795, -5660, "B", "DIP", "GND", "GND", "C", 90.55, 90.55, 55.12, 0],
		[7, "BAT1_4", 1945, -5660, "T", "DIP", "12V", "", "C", 90.55, 90.55, 55.12, 0],
		[8, "BAT1_4", 1945, -5660, "B", "DIP", "12V", "", "C", 90.55, 90.55, 55.12, 0],
		[9, "C1_1", 2597.64, -2296.06, "T", "SMD", "$1N3898", "", "R", 31.5, 35.43, 0, 180],
		[10, "C1_2", 2542.52, -2296.06, "T", "SMD", "GND", "GND", "R", 31.5, 35.43, 0, 180],
		[11, "C3_1", 2212.44, -2220, "T", "SMD", "$1N25867", "", "R", 31.5, 35.43, 0, 0],
		[12, "C3_2", 2267.56, -2220, "T", "SMD", "GND", "GND", "R", 31.5, 35.43, 0, 0],
		[13, "C4_1", 1379.37, -5400, "T", "DIP", "12V", "", "C", 47.3, 47.3, 31.54, 180],
		[14, "C4_1", 1379.37, -5400, "B", "DIP", "12V", "", "C", 47.3, 47.3, 31.54, 180],
		[15, "C4_2", 1300.63, -5400, "T", "DIP", "GND", "GND", "C", 47.3, 47.3, 31.54, 0],
		[16, "C4_2", 1300.63, -5400, "B", "DIP", "GND", "GND", "C", 47.3, 47.3, 31.54, 0],
		[17, "C5_1", 1750.63, -3450, "T", "DIP", "3V3_ESP32", "", "C", 43.31, 43.31, 27.56, 0],
		[18, "C5_1", 1750.63, -3450, "B", "DIP", "3V3_ESP32", "", "C", 43.31, 43.31, 27.56, 0],
		[19, "C5_2", 1829.37, -3450, "T", "DIP", "GND", "GND", "C", 43.31, 43.31, 27.56, 0],
		[20, "C5_2", 1829.37, -3450, "B", "DIP", "GND", "GND", "C", 43.31, 43.31, 27.56, 0],
		[21, "C6_1", 1512.44, -5395.12, "T", "SMD", "12V", "", "R", 31.5, 35.43, 0, 90],
		[22, "C6_2", 1512.44, -5340, "T", "SMD", "GND", "GND", "R", 31.5, 35.43, 0, 90],
		[23, "C7_1", 1750.63, -3900, "T", "DIP", "$1N48858", "", "C", 47.3, 47.3, 31.54, 0],
		[24, "C7_1", 1750.63, -3900, "B", "DIP", "$1N48858", "", "C", 47.3, 47.3, 31.54, 0],
		[25, "C7_2", 1829.37, -3900, "T", "DIP", "GND", "GND", "C", 47.3, 47.3, 31.54, 180],
		[26, "C7_2", 1829.37, -3900, "B", "DIP", "GND", "GND", "C", 47.3, 47.3, 31.54, 180],
		[27, "C8_1", 1842.44, -3750, "T", "SMD", "$1N48858", "", "R", 31.5, 35.43, 0, 0],
		[28, "C8_2", 1897.56, -3750, "T", "SMD", "GND", "GND", "R", 31.5, 35.43, 0, 0],
		[29, "C9_1", 2130.63, -3450, "T", "DIP", "3V3_EXDEV", "", "C", 47.3, 47.3, 31.54, 0],
		[30, "C9_1", 2130.63, -3450, "B", "DIP", "3V3_EXDEV", "", "C", 47.3, 47.3, 31.54, 0],
		[31, "C9_2", 2209.37, -3450, "T", "DIP", "GND", "GND", "C", 47.3, 47.3, 31.54, 180],
		[32, "C9_2", 2209.37, -3450, "B", "DIP", "GND", "GND", "C", 47.3, 47.3, 31.54, 180],
		[33, "C10_1", 1662.44, -3570, "T", "SMD", "3V3_ESP32", "", "R", 31.5, 35.43, 0, 0],
		[34, "C10_2", 1717.56, -3570, "T", "SMD", "GND", "GND", "R", 31.5, 35.43, 0, 0],
		[35, "C11_1", 2250.63, -3900, "T", "DIP", "$1N51876", "", "C", 47.3, 47.3, 31.54, 0],
		[36, "C11_1", 2250.63, -3900, "B", "DIP", "$1N51876", "", "C", 47.3, 47.3, 31.54, 0],
		[37, "C11_2", 2329.37, -3900, "T", "DIP", "GND", "GND", "C", 47.3, 47.3, 31.54, 180],
		[38, "C11_2", 2329.37, -3900, "B", "DIP", "GND", "GND", "C", 47.3, 47.3, 31.54, 180],
		[39, "C12_1", 2140, -3897.56, "T", "SMD", "$1N51876", "", "R", 31.5, 35.43, 0, 90],
		[40, "C12_2", 2140, -3842.44, "T", "SMD", "GND", "GND", "R", 31.5, 35.43, 0, 90],
		[41, "C13_1", 1982.44, -3760, "T", "SMD", "3V3_EXDEV", "", "R", 31.5, 35.43, 0, 0],
		[42, "C13_2", 2037.56, -3760, "T", "SMD", "GND", "GND", "R", 31.5, 35.43, 0, 0],
		[43, "D1_1", 846.46, -4893.7, "T", "SMD", "LOAD1", "", "R", 78.74, 78.74, 0, 270],
		[44, "D1_2", 846.46, -4712.6, "T", "SMD", "$1N3909", "", "R", 78.74, 78.74, 0, 270],
		[45, "D2_1", 649.61, -4893.7, "T", "SMD", "LOAD2", "", "R", 78.74, 78.74, 0, 270],
		[46, "D2_2", 649.61, -4712.6, "T", "SMD", "$1N3918", "", "R", 78.74, 78.74, 0, 270],
		[47, "D3_1", 440.95, -3444.88, "T", "SMD", "LOAD3", "", "R", 78.74, 78.74, 0, 180],
		[48, "D3_2", 622.05, -3444.88, "T", "SMD", "$1N4095", "", "R", 78.74, 78.74, 0, 180],
		[49, "D4_1", 440.95, -3287.4, "T", "SMD", "LOAD4", "", "R", 78.74, 78.74, 0, 180],
		[50, "D4_2", 622.05, -3287.4, "T", "SMD", "$1N4068", "", "R", 78.74, 78.74, 0, 180],
		[51, "D5_1", 500, -2322.83, "T", "SMD", "LOAD5", "", "R", 78.74, 78.74, 0, 180],
		[52, "D5_2", 681.1, -2322.83, "T", "SMD", "$1N4077", "", "R", 78.74, 78.74, 0, 180],
		[53, "D6_1", 500, -2165.35, "T", "SMD", "LOAD6", "", "R", 78.74, 78.74, 0, 180],
		[54, "D6_2", 681.1, -2165.35, "T", "SMD", "$1N4086", "", "R", 78.74, 78.74, 0, 180],
		[55, "DIGITAL_OUT_1_1", 3625, -4589.99, "T", "DIP", "$1N3962", "", "R", 90.55, 90.55, 55.12, 270],
		[56, "DIGITAL_OUT_1_1", 3625, -4589.99, "B", "DIP", "$1N3962", "", "R", 90.55, 90.55, 55.12, 270],
		[57, "DIGITAL_OUT_1_2", 3625, -4740.01, "T", "DIP", "$1N36409", "", "C", 90.55, 90.55, 55.12, 270],
		[58, "DIGITAL_OUT_1_2", 3625, -4740.01, "B", "DIP", "$1N36409", "", "C", 90.55, 90.55, 55.12, 270],
		[59, "DIGITAL_OUT_1_3", 3625, -4890.01, "T", "DIP", "$1N36407", "", "C", 90.55, 90.55, 55.12, 270],
		[60, "DIGITAL_OUT_1_3", 3625, -4890.01, "B", "DIP", "$1N36407", "", "C", 90.55, 90.55, 55.12, 270],
		[61, "DIGITAL_OUT_1_4", 3625, -5040.01, "T", "DIP", "GND", "GND", "C", 90.55, 90.55, 55.12, 270],
		[62, "DIGITAL_OUT_1_4", 3625, -5040.01, "B", "DIP", "GND", "GND", "C", 90.55, 90.55, 55.12, 270],
		[63, "DIGITAL_OUT_2_1", 3625, -3884.99, "T", "DIP", "$1N34091", "", "R", 90.55, 90.55, 55.12, 270],
		[64, "DIGITAL_OUT_2_1", 3625, -3884.99, "B", "DIP", "$1N34091", "", "R", 90.55, 90.55, 55.12, 270],
		[65, "DIGITAL_OUT_2_2", 3625, -4035.01, "T", "DIP", "$1N34089", "", "C", 90.55, 90.55, 55.12, 270],
		[66, "DIGITAL_OUT_2_2", 3625, -4035.01, "B", "DIP", "$1N34089", "", "C", 90.55, 90.55, 55.12, 270],
		[67, "DIGITAL_OUT_2_3", 3625, -4185.01, "T", "DIP", "$1N34087", "", "C", 90.55, 90.55, 55.12, 270],
		[68, "DIGITAL_OUT_2_3", 3625, -4185.01, "B", "DIP", "$1N34087", "", "C", 90.55, 90.55, 55.12, 270],
		[69, "DIGITAL_OUT_2_4", 3625, -4335.01, "T", "DIP", "GND", "GND", "C", 90.55, 90.55, 55.12, 270],
		[70, "DIGITAL_OUT_2_4", 3625, -4335.01, "B", "DIP", "GND", "GND", "C", 90.55, 90.55, 55.12, 270],
		[71, "ENPW_1", 2040, -3640, "T", "DIP", "$1N51984", "", "R", 70.87, 70.87, 39.37, 0],
		[72, "ENPW_1", 2040, -3640, "B", "DIP", "$1N51984", "", "R", 70.87, 70.87, 39.37, 0],
		[73, "ENPW_2", 2140, -3640, "T", "DIP", "$1N52091", "", "C", 70.87, 70.87, 39.37, 0],
		[74, "ENPW_2", 2140, -3640, "B", "DIP", "$1N52091", "", "C", 70.87, 70.87, 39.37, 0],
		[75, "H4_1", 1937.01, -2585.83, "T", "DIP", "3V3_ESP32", "", "R", 62, 62, 40.16, 90],
		[76, "H4_1", 1937.01, -2585.83, "B", "DIP", "3V3_ESP32", "", "R", 62, 62, 40.16, 90],
		[77, "H4_2", 1937.01, -2485.83, "T", "DIP", "SDA", "", "C", 62, 62, 40.16, 90],
		[78, "H4_2", 1937.01, -2485.83, "B", "DIP", "SDA", "", "C", 62, 62, 40.16, 90],
		[79, "H4_3", 1937.01, -2385.83, "T", "DIP", "SCL", "", "C", 62, 62, 40.16, 90],
		[80, "H4_3", 1937.01, -2385.83, "B", "DIP", "SCL", "", "C", 62, 62, 40.16, 90],
		[81, "H4_4", 1937.01, -2285.83, "T", "DIP", "H4_4", "", "C", 62, 62, 40.16, 90],
		[82, "H4_4", 1937.01, -2285.83, "B", "DIP", "H4_4", "", "C", 62, 62, 40.16, 90],
		[83, "H4_5", 1937.01, -2185.83, "T", "DIP", "GND", "GND", "C", 62, 62, 40.16, 90],
		[84, "H4_5", 1937.01, -2185.83, "B", "DIP", "GND", "GND", "C", 62, 62, 40.16, 90],
		[85, "H5_1", 3270, -1540, "T", "DIP", "TXD0", "", "R", 66.93, 66.93, 43.31, 270],
		[86, "H5_1", 3270, -1540, "B", "DIP", "TXD0", "", "R", 66.93, 66.93, 43.31, 270],
		[87, "H5_2", 3270, -1640, "T", "DIP", "RXD0", "", "C", 66.93, 66.93, 43.31, 270],
		[88, "H5_2", 3270, -1640, "B", "DIP", "RXD0", "", "C", 66.93, 66.93, 43.31, 270],
		[89, "H5_3", 3270, -1740, "T", "DIP", "BOOT", "", "C", 66.93, 66.93, 43.31, 270],
		[90, "H5_3", 3270, -1740, "B", "DIP", "BOOT", "", "C", 66.93, 66.93, 43.31, 270],
		[91, "H5_4", 3270, -1840, "T", "DIP", "EN", "", "C", 66.93, 66.93, 43.31, 270],
		[92, "H5_4", 3270, -1840, "B", "DIP", "EN", "", "C", 66.93, 66.93, 43.31, 270],
		[93, "H5_5", 3270, -1940, "T", "DIP", "GND", "GND", "C", 66.93, 66.93, 43.31, 270],
		[94, "H5_5", 3270, -1940, "B", "DIP", "GND", "GND", "C", 66.93, 66.93, 43.31, 270],
		[95, "IIC1_1", 667.91, -1866.14, "T", "DIP", "SDA", "", "R", 90.55, 90.55, 55.12, 0],
		[96, "IIC1_1", 667.91, -1866.14, "B", "DIP", "SDA", "", "R", 90.55, 90.55, 55.12, 0],
		[97, "IIC1_2", 817.92, -1866.14, "T", "DIP", "SCL", "", "C", 90.55, 90.55, 55.12, 0],
		[98, "IIC1_2", 817.92, -1866.14, "B", "DIP", "SCL", "", "C", 90.55, 90.55, 55.12, 0],
		[99, "IIC1_3", 967.92, -1866.14, "T", "DIP", "$1N21686", "", "C", 90.55, 90.55, 55.12, 0],
		[100, "IIC1_3", 967.92, -1866.14, "B", "DIP", "$1N21686", "", "C", 90.55, 90.55, 55.12, 0],
		[101, "IIC1_4", 1117.92, -1866.14, "T", "DIP", "GND", "GND", "C", 90.55, 90.55, 55.12, 0],
		[102, "IIC1_4", 1117.92, -1866.14, "B", "DIP", "GND", "GND", "C", 90.55, 90.55, 55.12, 0],
		[103, "IIC2_1", 1348.22, -1866.14, "T", "DIP", "SDA", "", "R", 90.55, 90.55, 55.12, 0],
		[104, "IIC2_1", 1348.22, -1866.14, "B", "DIP", "SDA", "", "R", 90.55, 90.55, 55.12, 0],
		[105, "IIC2_2", 1498.23, -1866.14, "T", "DIP", "SCL", "", "C", 90.55, 90.55, 55.12, 0],
		[106, "IIC2_2", 1498.23, -1866.14, "B", "DIP", "SCL", "", "C", 90.55, 90.55, 55.12, 0],
		[107, "IIC2_3", 1648.23, -1866.14, "T", "DIP", "$1N21719", "", "C", 90.55, 90.55, 55.12, 0],
		[108, "IIC2_3", 1648.23, -1866.14, "B", "DIP", "$1N21719", "", "C", 90.55, 90.55, 55.12, 0],
		[109, "IIC2_4", 1798.23, -1866.14, "T", "DIP", "GND", "GND", "C", 90.55, 90.55, 55.12, 0],
		[110, "IIC2_4", 1798.23, -1866.14, "B", "DIP", "GND", "GND", "C", 90.55, 90.55, 55.12, 0],
		[111, "J2_1", 2221.5, -2409.65, "T", "SMD", "$1N25907", "", "R", 34.02, 31.75, 0, 0],
		[112, "J2_2", 2221.5, -2468.97, "T", "SMD", "12V", "", "R", 34.02, 31.75, 0, 0],
		[113, "L1_1", 1570, -4221.54, "T", "SMD", "+5V", "", "R", 118.11, 216.54, 0, 270],
		[114, "L1_2", 1570, -4038.45, "T", "SMD", "$1N48858", "", "R", 118.11, 216.54, 0, 270],
		[115, "L2_1", 2000, -4221.54, "T", "SMD", "+5V", "", "R", 118.11, 216.54, 0, 270],
		[116, "L2_2", 2000, -4038.45, "T", "SMD", "$1N51876", "", "R", 118.11, 216.54, 0, 270],
		[117, "PRG_1", 2366.14, -2078.74, "T", "DIP", "GND", "GND", "R", 62, 62, 40.16, 0],
		[118, "PRG_1", 2366.14, -2078.74, "B", "DIP", "GND", "GND", "R", 62, 62, 40.16, 0],
		[119, "PRG_2", 2466.14, -2078.74, "T", "DIP", "D-", "", "C", 62, 62, 40.16, 0],
		[120, "PRG_2", 2466.14, -2078.74, "B", "DIP", "D-", "", "C", 62, 62, 40.16, 0],
		[121, "PRG_3", 2566.14, -2078.74, "T", "DIP", "D+", "", "C", 62, 62, 40.16, 0],
		[122, "PRG_3", 2566.14, -2078.74, "B", "DIP", "D+", "", "C", 62, 62, 40.16, 0],
		[123, "Q1_1", 1208.93, -3936.57, "T", "SMD", "12V", "", "O", 73.43, 24.8, 0, 180],
		[124, "Q1_2", 1208.93, -3886.57, "T", "SMD", "12V", "", "O", 73.43, 24.8, 0, 180],
		[125, "Q1_3", 1208.93, -3836.57, "T", "SMD", "12V", "", "O", 73.43, 24.8, 0, 180],
		[126, "Q1_4", 1208.93, -3786.57, "T", "SMD", "G1", "", "O", 73.43, 24.8, 0, 180],
		[127, "Q1_5", 997.71, -3786.57, "T", "SMD", "$1N3909", "", "O", 73.43, 24.8, 0, 180],
		[128, "Q1_6", 997.71, -3836.57, "T", "SMD", "$1N3909", "", "O", 73.43, 24.8, 0, 180],
		[129, "Q1_7", 997.71, -3886.57, "T", "SMD", "$1N3909", "", "O", 73.43, 24.8, 0, 180],
		[130, "Q1_8", 997.71, -3936.57, "T", "SMD", "$1N3909", "", "O", 73.43, 24.8, 0, 180],
		[131, "Q2_1", 1206.57, -3635.07, "T", "SMD", "12V", "", "O", 73.43, 24.8, 0, 180],
		[132, "Q2_2", 1206.57, -3585.07, "T", "SMD", "12V", "", "O", 73.43, 24.8, 0, 180],
		[133, "Q2_3", 1206.57, -3535.07, "T", "SMD", "12V", "", "O", 73.43, 24.8, 0, 180],
		[134, "Q2_4", 1206.57, -3485.07, "T", "SMD", "G2", "", "O", 73.43, 24.8, 0, 180],
		[135, "Q2_5", 995.35, -3485.07, "T", "SMD", "$1N3918", "", "O", 73.43, 24.8, 0, 180],
		[136, "Q2_6", 995.35, -3535.07, "T", "SMD", "$1N3918", "", "O", 73.43, 24.8, 0, 180],
		[137, "Q2_7", 995.35, -3585.07, "T", "SMD", "$1N3918", "", "O", 73.43, 24.8, 0, 180],
		[138, "Q2_8", 995.35, -3635.07, "T", "SMD", "$1N3918", "", "O", 73.43, 24.8, 0, 180],
		[139, "Q4_1", 1205.53, -3067.25, "T", "SMD", "12V", "", "O", 73.43, 24.8, 0, 180],
		[140, "Q4_2", 1205.53, -3017.25, "T", "SMD", "12V", "", "O", 73.43, 24.8, 0, 180],
		[141, "Q4_3", 1205.53, -2967.25, "T", "SMD", "12V", "", "O", 73.43, 24.8, 0, 180],
		[142, "Q4_4", 1205.53, -2917.25, "T", "SMD", "G4", "", "O", 73.43, 24.8, 0, 180],
		[143, "Q4_5", 994.31, -2917.25, "T", "SMD", "$1N4068", "", "O", 73.43, 24.8, 0, 180],
		[144, "Q4_6", 994.31, -2967.25, "T", "SMD", "$1N4068", "", "O", 73.43, 24.8, 0, 180],
		[145, "Q4_7", 994.31, -3017.25, "T", "SMD", "$1N4068", "", "O", 73.43, 24.8, 0, 180],
		[146, "Q4_8", 994.31, -3067.25, "T", "SMD", "$1N4068", "", "O", 73.43, 24.8, 0, 180],
		[147, "Q7_1", 1207.56, -3346.16, "T", "SMD", "12V", "", "O", 73.43, 24.8, 0, 180],
		[148, "Q7_2", 1207.56, -3296.16, "T", "SMD", "12V", "", "O", 73.43, 24.8, 0, 180],
		[149, "Q7_3", 1207.56, -3246.16, "T", "SMD", "12V", "", "O", 73.43, 24.8, 0, 180],
		[150, "Q7_4", 1207.56, -3196.16, "T", "SMD", "G3", "", "O", 73.43, 24.8, 0, 180],
		[151, "Q7_5", 996.34, -3196.16, "T", "SMD", "$1N4095", "", "O", 73.43, 24.8, 0, 180],
		[152, "Q7_6", 996.34, -3246.16, "T", "SMD", "$1N4095", "", "O", 73.43, 24.8, 0, 180],
		[153, "Q7_7", 996.34, -3296.16, "T", "SMD", "$1N4095", "", "O", 73.43, 24.8, 0, 180],
		[154, "Q7_8", 996.34, -3346.16, "T", "SMD", "$1N4095", "", "O", 73.43, 24.8, 0, 180],
		[155, "Q8_1", 1210.26, -2793.23, "T", "SMD", "12V", "", "O", 73.43, 24.8, 0, 180],
		[156, "Q8_2", 1210.26, -2743.23, "T", "SMD", "12V", "", "O", 73.43, 24.8, 0, 180],
		[157, "Q8_3", 1210.26, -2693.23, "T", "SMD", "12V", "", "O", 73.43, 24.8, 0, 180],
		[158, "Q8_4", 1210.26, -2643.23, "T", "SMD", "G5", "", "O", 73.43, 24.8, 0, 180],
		[159, "Q8_5", 999.04, -2643.23, "T", "SMD", "$1N4077", "", "O", 73.43, 24.8, 0, 180],
		[160, "Q8_6", 999.04, -2693.23, "T", "SMD", "$1N4077", "", "O", 73.43, 24.8, 0, 180],
		[161, "Q8_7", 999.04, -2743.23, "T", "SMD", "$1N4077", "", "O", 73.43, 24.8, 0, 180],
		[162, "Q8_8", 999.04, -2793.23, "T", "SMD", "$1N4077", "", "O", 73.43, 24.8, 0, 180],
		[163, "Q9_1", 1210.26, -2533.39, "T", "SMD", "12V", "", "O", 73.43, 24.8, 0, 180],
		[164, "Q9_2", 1210.26, -2483.39, "T", "SMD", "12V", "", "O", 73.43, 24.8, 0, 180],
		[165, "Q9_3", 1210.26, -2433.39, "T", "SMD", "12V", "", "O", 73.43, 24.8, 0, 180],
		[166, "Q9_4", 1210.26, -2383.39, "T", "SMD", "G6", "", "O", 73.43, 24.8, 0, 180],
		[167, "Q9_5", 999.04, -2383.39, "T", "SMD", "$1N4086", "", "O", 73.43, 24.8, 0, 180],
		[168, "Q9_6", 999.04, -2433.39, "T", "SMD", "$1N4086", "", "O", 73.43, 24.8, 0, 180],
		[169, "Q9_7", 999.04, -2483.39, "T", "SMD", "$1N4086", "", "O", 73.43, 24.8, 0, 180],
		[170, "Q9_8", 999.04, -2533.39, "T", "SMD", "$1N4086", "", "O", 73.43, 24.8, 0, 180],
		[171, "R1_1", 2600, -1568.98, "T", "SMD", "EN", "", "R", 34.02, 31.75, 0, 180],
		[172, "R1_2", 2600, -1509.66, "T", "SMD", "3V3_ESP32", "", "R", 34.02, 31.75, 0, 180],
		[173, "R2_1", 3316.54, -2304.73, "T", "SMD", "BOOT", "", "R", 34.02, 31.75, 0, 180],
		[174, "R2_2", 3316.54, -2245.41, "T", "SMD", "3V3_ESP32", "", "R", 34.02, 31.75, 0, 180],
		[175, "R26_1", 2615.58, -3102.02, "T", "SMD", "OUT1", "", "R", 34.02, 31.75, 0, 270],
		[176, "R26_2", 2556.26, -3102.02, "T", "SMD", "$1N3962", "", "R", 34.02, 31.75, 0, 270],
		[177, "R27_1", 2615.58, -2980.22, "T", "SMD", "OUT2", "", "R", 34.02, 31.75, 0, 270],
		[178, "R27_2", 2556.26, -2980.22, "T", "SMD", "$1N36407", "", "R", 34.02, 31.75, 0, 270],
		[179, "R28_1", 2615.58, -3040.85, "T", "SMD", "OUT3", "", "R", 34.02, 31.75, 0, 270],
		[180, "R28_2", 2556.26, -3040.85, "T", "SMD", "$1N36409", "", "R", 34.02, 31.75, 0, 270],
		[181, "R29_1", 1918.89, -1974.8, "T", "SMD", "SDA", "", "R", 34.02, 31.75, 0, 90],
		[182, "R29_2", 1978.21, -1974.8, "T", "SMD", "3V3_ESP32", "", "R", 34.02, 31.75, 0, 90],
		[183, "R30_1", 2040.77, -1977.24, "T", "SMD", "SCL", "", "R", 34.02, 31.75, 0, 90],
		[184, "R30_2", 2100.09, -1977.24, "T", "SMD", "3V3_ESP32", "", "R", 34.02, 31.75, 0, 90],
		[185, "R31_1", 2601.05, -2363.52, "T", "SMD", "$1N3898", "", "R", 34.02, 31.75, 0, 270],
		[186, "R31_2", 2541.73, -2363.52, "T", "SMD", "VBAT+", "", "R", 34.02, 31.75, 0, 270],
		[187, "R32_1", 2540.42, -2177.95, "T", "SMD", "GND", "GND", "R", 34.02, 31.75, 0, 90],
		[188, "R32_2", 2599.74, -2177.95, "T", "SMD", "$1N3898", "", "R", 34.02, 31.75, 0, 90],
		[189, "R33_1", 2540.42, -2234.65, "T", "SMD", "GND", "GND", "R", 34.02, 31.75, 0, 90],
		[190, "R33_2", 2599.74, -2234.65, "T", "SMD", "$1N3898", "", "R", 34.02, 31.75, 0, 90],
		[191, "R34_1", 2756.57, -2235.28, "T", "SMD", "BAT_SENSE", "", "R", 34.02, 31.75, 0, 270],
		[192, "R34_2", 2697.25, -2235.28, "T", "SMD", "$1N3898", "", "R", 34.02, 31.75, 0, 270],
		[193, "R35_1", 1304.48, -3784.42, "T", "SMD", "G1", "", "R", 31.75, 34.02, 0, 270],
		[194, "R35_2", 1304.48, -3843.74, "T", "SMD", "12V", "", "R", 31.75, 34.02, 0, 270],
		[195, "R36_1", 1297.4, -3486.8, "T", "SMD", "G2", "", "R", 31.75, 34.02, 0, 270],
		[196, "R36_2", 1297.4, -3546.12, "T", "SMD", "12V", "", "R", 31.75, 34.02, 0, 270],
		[197, "R37_1", 1297.35, -3195.01, "T", "SMD", "G3", "", "R", 31.75, 34.02, 0, 270],
		[198, "R37_2", 1297.35, -3254.33, "T", "SMD", "12V", "", "R", 31.75, 34.02, 0, 270],
		[199, "R38_1", 1294.94, -2923.48, "T", "SMD", "G4", "", "R", 31.75, 34.02, 0, 270],
		[200, "R38_2", 1294.94, -2982.8, "T", "SMD", "12V", "", "R", 31.75, 34.02, 0, 270],
		[201, "R39_1", 1293.62, -2650.78, "T", "SMD", "G5", "", "R", 31.75, 34.02, 0, 270],
		[202, "R39_2", 1293.62, -2710.1, "T", "SMD", "12V", "", "R", 31.75, 34.02, 0, 270],
		[203, "R40_1", 1293.62, -2381.49, "T", "SMD", "G6", "", "R", 31.75, 34.02, 0, 270],
		[204, "R40_2", 1293.62, -2440.81, "T", "SMD", "12V", "", "R", 31.75, 34.02, 0, 270],
		[205, "R42_1", 2219.66, -2290, "T", "SMD", "$1N25867", "", "R", 34.02, 31.75, 0, 0],
		[206, "R42_2", 2219.66, -2349.32, "T", "SMD", "$1N25907", "", "R", 34.02, 31.75, 0, 0],
		[207, "R43_1", 2257.43, -2085.34, "T", "SMD", "GND", "GND", "R", 34.02, 31.75, 0, 180],
		[208, "R43_2", 2257.43, -2026.02, "T", "SMD", "$1N25867", "", "R", 34.02, 31.75, 0, 180],
		[209, "R44_1", 2269.66, -2160, "T", "SMD", "GND", "GND", "R", 34.02, 31.75, 0, 270],
		[210, "R44_2", 2210.34, -2160, "T", "SMD", "$1N25867", "", "R", 34.02, 31.75, 0, 270],
		[211, "R45_1", 2330.34, -1910.68, "T", "SMD", "BAT_SENSE_12V", "", "R", 34.02, 31.75, 0, 0],
		[212, "R45_2", 2330.34, -1970, "T", "SMD", "$1N25867", "", "R", 34.02, 31.75, 0, 0],
		[213, "R46_1", 2614.66, -3165, "T", "SMD", "OUT4", "", "R", 34.02, 31.75, 0, 270],
		[214, "R46_2", 2555.34, -3165, "T", "SMD", "$1N34087", "", "R", 34.02, 31.75, 0, 270],
		[215, "R47_1", 2614.66, -3230, "T", "SMD", "OUT5", "", "R", 34.02, 31.75, 0, 270],
		[216, "R47_2", 2555.34, -3230, "T", "SMD", "$1N34089", "", "R", 34.02, 31.75, 0, 270],
		[217, "R48_1", 2614.66, -3295, "T", "SMD", "OUT6", "", "R", 34.02, 31.75, 0, 270],
		[218, "R48_2", 2555.34, -3295, "T", "SMD", "$1N34091", "", "R", 34.02, 31.75, 0, 270],
		[219, "R49_1", 1899.66, -3570, "T", "SMD", "GND", "GND", "R", 31.75, 34.02, 0, 180],
		[220, "R49_2", 1840.34, -3570, "T", "SMD", "$1N31599", "", "R", 31.75, 34.02, 0, 180],
		[221, "R50_1", 1840.34, -3640, "T", "SMD", "$1N31599", "", "R", 31.75, 34.02, 0, 0],
		[222, "R50_2", 1899.66, -3640, "T", "SMD", "$1N48858", "", "R", 31.75, 34.02, 0, 0],
		[223, "R51_1", 2110.34, -3760, "T", "SMD", "$1N51984", "", "R", 31.75, 34.02, 0, 0],
		[224, "R51_2", 2169.66, -3760, "T", "SMD", "GND", "GND", "R", 31.75, 34.02, 0, 0],
		[225, "R52_1", 2260, -3700.34, "T", "SMD", "$1N52091", "", "R", 31.75, 34.02, 0, 270],
		[226, "R52_2", 2260, -3759.66, "T", "SMD", "$1N51876", "", "R", 31.75, 34.02, 0, 270],
		[227, "RS485-1_1", 1012.41, -5708.66, "T", "DIP", "A+", "", "R", 90.55, 90.55, 55.12, 180],
		[228, "RS485-1_1", 1012.41, -5708.66, "B", "DIP", "A+", "", "R", 90.55, 90.55, 55.12, 180],
		[229, "RS485-1_2", 862.4, -5708.66, "T", "DIP", "B+", "", "C", 90.55, 90.55, 55.12, 180],
		[230, "RS485-1_2", 862.4, -5708.66, "B", "DIP", "B+", "", "C", 90.55, 90.55, 55.12, 180],
		[231, "RS485-1_3", 712.4, -5708.66, "T", "DIP", "LOAD1", "", "C", 90.55, 90.55, 55.12, 180],
		[232, "RS485-1_3", 712.4, -5708.66, "B", "DIP", "LOAD1", "", "C", 90.55, 90.55, 55.12, 180],
		[233, "RS485-1_4", 562.4, -5708.66, "T", "DIP", "GND", "GND", "C", 90.55, 90.55, 55.12, 180],
		[234, "RS485-1_4", 562.4, -5708.66, "B", "DIP", "GND", "GND", "C", 90.55, 90.55, 55.12, 180],
		[235, "RS485-2_1", 295.28, -4969.1, "T", "DIP", "A+", "", "R", 90.55, 90.55, 55.12, 90],
		[236, "RS485-2_1", 295.28, -4969.1, "B", "DIP", "A+", "", "R", 90.55, 90.55, 55.12, 90],
		[237, "RS485-2_2", 295.28, -4819.09, "T", "DIP", "B+", "", "C", 90.55, 90.55, 55.12, 90],
		[238, "RS485-2_2", 295.28, -4819.09, "B", "DIP", "B+", "", "C", 90.55, 90.55, 55.12, 90],
		[239, "RS485-2_3", 295.28, -4669.09, "T", "DIP", "LOAD2", "", "C", 90.55, 90.55, 55.12, 90],
		[240, "RS485-2_3", 295.28, -4669.09, "B", "DIP", "LOAD2", "", "C", 90.55, 90.55, 55.12, 90],
		[241, "RS485-2_4", 295.28, -4519.09, "T", "DIP", "GND", "GND", "C", 90.55, 90.55, 55.12, 90],
		[242, "RS485-2_4", 295.28, -4519.09, "B", "DIP", "GND", "GND", "C", 90.55, 90.55, 55.12, 90],
		[243, "RS485-3_1", 295.28, -4299.81, "T", "DIP", "A+", "", "R", 90.55, 90.55, 55.12, 90],
		[244, "RS485-3_1", 295.28, -4299.81, "B", "DIP", "A+", "", "R", 90.55, 90.55, 55.12, 90],
		[245, "RS485-3_2", 295.28, -4149.8, "T", "DIP", "B+", "", "C", 90.55, 90.55, 55.12, 90],
		[246, "RS485-3_2", 295.28, -4149.8, "B", "DIP", "B+", "", "C", 90.55, 90.55, 55.12, 90],
		[247, "RS485-3_3", 295.28, -3999.8, "T", "DIP", "LOAD3", "", "C", 90.55, 90.55, 55.12, 90],
		[248, "RS485-3_3", 295.28, -3999.8, "B", "DIP", "LOAD3", "", "C", 90.55, 90.55, 55.12, 90],
		[249, "RS485-3_4", 295.28, -3849.8, "T", "DIP", "GND", "GND", "C", 90.55, 90.55, 55.12, 90],
		[250, "RS485-3_4", 295.28, -3849.8, "B", "DIP", "GND", "GND", "C", 90.55, 90.55, 55.12, 90],
		[251, "RS485-4_1", 295.28, -3020.28, "T", "DIP", "A+", "", "R", 90.55, 90.55, 55.12, 90],
		[252, "RS485-4_1", 295.28, -3020.28, "B", "DIP", "A+", "", "R", 90.55, 90.55, 55.12, 90],
		[253, "RS485-4_2", 295.28, -2870.27, "T", "DIP", "B+", "", "C", 90.55, 90.55, 55.12, 90],
		[254, "RS485-4_2", 295.28, -2870.27, "B", "DIP", "B+", "", "C", 90.55, 90.55, 55.12, 90],
		[255, "RS485-4_3", 295.28, -2720.27, "T", "DIP", "LOAD4", "", "C", 90.55, 90.55, 55.12, 90],
		[256, "RS485-4_3", 295.28, -2720.27, "B", "DIP", "LOAD4", "", "C", 90.55, 90.55, 55.12, 90],
		[257, "RS485-4_4", 295.28, -2570.27, "T", "DIP", "GND", "GND", "C", 90.55, 90.55, 55.12, 90],
		[258, "RS485-4_4", 295.28, -2570.27, "B", "DIP", "GND", "GND", "C", 90.55, 90.55, 55.12, 90],
		[259, "RS485-5_1", 295.28, -1307.68, "T", "DIP", "A+", "", "R", 90.55, 90.55, 55.12, 90],
		[260, "RS485-5_1", 295.28, -1307.68, "B", "DIP", "A+", "", "R", 90.55, 90.55, 55.12, 90],
		[261, "RS485-5_2", 295.28, -1157.67, "T", "DIP", "B+", "", "C", 90.55, 90.55, 55.12, 90],
		[262, "RS485-5_2", 295.28, -1157.67, "B", "DIP", "B+", "", "C", 90.55, 90.55, 55.12, 90],
		[263, "RS485-5_3", 295.28, -1007.67, "T", "DIP", "LOAD5", "", "C", 90.55, 90.55, 55.12, 90],
		[264, "RS485-5_3", 295.28, -1007.67, "B", "DIP", "LOAD5", "", "C", 90.55, 90.55, 55.12, 90],
		[265, "RS485-5_4", 295.28, -857.67, "T", "DIP", "GND", "GND", "C", 90.55, 90.55, 55.12, 90],
		[266, "RS485-5_4", 295.28, -857.67, "B", "DIP", "GND", "GND", "C", 90.55, 90.55, 55.12, 90],
		[267, "RS485-6_1", 916.73, -314.96, "T", "DIP", "A+", "", "R", 90.55, 90.55, 55.12, 0],
		[268, "RS485-6_1", 916.73, -314.96, "B", "DIP", "A+", "", "R", 90.55, 90.55, 55.12, 0],
		[269, "RS485-6_2", 1066.74, -314.96, "T", "DIP", "B+", "", "C", 90.55, 90.55, 55.12, 0],
		[270, "RS485-6_2", 1066.74, -314.96, "B", "DIP", "B+", "", "C", 90.55, 90.55, 55.12, 0],
		[271, "RS485-6_3", 1216.74, -314.96, "T", "DIP", "LOAD6", "", "C", 90.55, 90.55, 55.12, 0],
		[272, "RS485-6_3", 1216.74, -314.96, "B", "DIP", "LOAD6", "", "C", 90.55, 90.55, 55.12, 0],
		[273, "RS485-6_4", 1366.74, -314.96, "T", "DIP", "GND", "GND", "C", 90.55, 90.55, 55.12, 0],
		[274, "RS485-6_4", 1366.74, -314.96, "B", "DIP", "GND", "GND", "C", 90.55, 90.55, 55.12, 0],
		[275, "RST_1", 2470, -1440, "T", "DIP", "GND", "GND", "R", 66.93, 66.93, 39.37, 270],
		[276, "RST_1", 2470, -1440, "B", "DIP", "GND", "GND", "R", 66.93, 66.93, 39.37, 270],
		[277, "RST_2", 2470, -1540, "T", "DIP", "EN", "", "C", 66.93, 66.93, 39.37, 270],
		[278, "RST_2", 2470, -1540, "B", "DIP", "EN", "", "C", 66.93, 66.93, 39.37, 270],
		[279, "U1_1", 2681.11, -1419.11, "T", "SMD", "GND", "GND", "R", 59.06, 35.43, 0, 0],
		[280, "U1_2", 2681.11, -1469.11, "T", "SMD", "3V3_ESP32", "", "R", 59.06, 35.43, 0, 0],
		[281, "U1_3", 2681.11, -1519.11, "T", "SMD", "EN", "", "R", 59.06, 35.43, 0, 0],
		[282, "U1_4", 2681.11, -1569.11, "T", "SMD", "U1_4", "", "R", 59.06, 35.43, 0, 0],
		[283, "U1_5", 2681.11, -1619.11, "T", "SMD", "U1_5", "", "R", 59.06, 35.43, 0, 0],
		[284, "U1_6", 2681.11, -1669.11, "T", "SMD", "U1_6", "", "R", 59.06, 35.43, 0, 0],
		[285, "U1_7", 2681.11, -1719.11, "T", "SMD", "U1_7", "", "R", 59.06, 35.43, 0, 0],
		[286, "U1_8", 2681.11, -1769.11, "T", "SMD", "U1_8", "", "R", 59.06, 35.43, 0, 0],
		[287, "U1_9", 2681.11, -1819.11, "T", "SMD", "BAT_SENSE_12V", "", "R", 59.06, 35.43, 0, 0],
		[288, "U1_10", 2681.11, -1869.11, "T", "SMD", "TXD1", "", "R", 59.06, 35.43, 0, 0],
		[289, "U1_11", 2681.11, -1919.11, "T", "SMD", "RXD1", "", "R", 59.06, 35.43, 0, 0],
		[290, "U1_12", 2681.11, -1969.11, "T", "SMD", "SDA", "", "R", 59.06, 35.43, 0, 0],
		[291, "U1_13", 2681.11, -2019.11, "T", "SMD", "D-", "", "R", 59.06, 35.43, 0, 0],
		[292, "U1_14", 2681.11, -2069.11, "T", "SMD", "D+", "", "R", 59.06, 35.43, 0, 0],
		[293, "U1_15", 2756.5, -2124.2, "T", "SMD", "BAT_SENSE", "", "R", 59.06, 35.43, 0, 90],
		[294, "U1_16", 2806.5, -2124.2, "T", "SMD", "IO46", "", "R", 59.06, 35.43, 0, 90],
		[295, "U1_17", 2856.5, -2124.2, "T", "SMD", "SCL", "", "R", 59.06, 35.43, 0, 90],
		[296, "U1_18", 2906.5, -2124.2, "T", "SMD", "LORA_SS", "", "R", 59.06, 35.43, 0, 90],
		[297, "U1_19", 2956.5, -2124.2, "T", "SMD", "MOSI", "", "R", 59.06, 35.43, 0, 90],
		[298, "U1_20", 3006.5, -2124.2, "T", "SMD", "SCK", "", "R", 59.06, 35.43, 0, 90],
		[299, "U1_21", 3056.5, -2124.2, "T", "SMD", "MISO", "", "R", 59.06, 35.43, 0, 90],
		[300, "U1_22", 3106.5, -2124.2, "T", "SMD", "OE", "", "R", 59.06, 35.43, 0, 90],
		[301, "U1_23", 3156.5, -2124.2, "T", "SMD", "DO_SS", "", "R", 59.06, 35.43, 0, 90],
		[302, "U1_24", 3206.5, -2124.2, "T", "SMD", "MR", "", "R", 59.06, 35.43, 0, 90],
		[303, "U1_25", 3256.5, -2124.2, "T", "SMD", "RST_LORA", "", "R", 59.06, 35.43, 0, 90],
		[304, "U1_26", 3306.5, -2124.2, "T", "SMD", "DI2_LORA", "", "R", 59.06, 35.43, 0, 90],
		[305, "U1_27", 3381.88, -2069.11, "T", "SMD", "BOOT", "", "R", 59.06, 35.43, 0, 0],
		[306, "U1_28", 3381.88, -2019.11, "T", "SMD", "U1_28", "", "R", 59.06, 35.43, 0, 0],
		[307, "U1_29", 3381.88, -1969.11, "T", "SMD", "U1_29", "", "R", 59.06, 35.43, 0, 0],
		[308, "U1_30", 3381.88, -1919.11, "T", "SMD", "U1_30", "", "R", 59.06, 35.43, 0, 0],
		[309, "U1_31", 3381.88, -1869.11, "T", "SMD", "U1_31", "", "R", 59.06, 35.43, 0, 0],
		[310, "U1_32", 3381.88, -1819.11, "T", "SMD", "U1_32", "", "R", 59.06, 35.43, 0, 0],
		[311, "U1_33", 3381.88, -1769.11, "T", "SMD", "U1_33", "", "R", 59.06, 35.43, 0, 0],
		[312, "U1_34", 3381.88, -1719.11, "T", "SMD", "U1_34", "", "R", 59.06, 35.43, 0, 0],
		[313, "U1_35", 3381.88, -1669.11, "T", "SMD", "U1_35", "", "R", 59.06, 35.43, 0, 0],
		[314, "U1_36", 3381.88, -1619.11, "T", "SMD", "RXD0", "", "R", 59.06, 35.43, 0, 0],
		[315, "U1_37", 3381.88, -1569.11, "T", "SMD", "TXD0", "", "R", 59.06, 35.43, 0, 0],
		[316, "U1_38", 3381.88, -1519.11, "T", "SMD", "U1_38", "", "R", 59.06, 35.43, 0, 0],
		[317, "U1_39", 3381.88, -1469.11, "T", "SMD", "U1_39", "", "R", 59.06, 35.43, 0, 0],
		[318, "U1_40", 3381.88, -1419.11, "T", "SMD", "GND", "GND", "R", 59.06, 35.43, 0, 0],
		[319, "U1_41", 2972.46, -1723.03, "T", "SMD", "U1_41", "", "R", 35.43, 35.43, 0, 90],
		[320, "U1_41_0", 2917.34, -1723.03, "T", "SMD", "U1_41_0", "", "R", 35.43, 35.43, 0, 90],
		[321, "U1_41_1", 3027.58, -1723.03, "T", "SMD", "U1_41_1", "", "R", 35.43, 35.43, 0, 90],
		[322, "U1_41_2", 3027.58, -1667.91, "T", "SMD", "U1_41_2", "", "R", 35.43, 35.43, 0, 90],
		[323, "U1_41_3", 2972.46, -1667.91, "T", "SMD", "U1_41_3", "", "R", 35.43, 35.43, 0, 90],
		[324, "U1_41_4", 2917.34, -1667.91, "T", "SMD", "U1_41_4", "", "R", 35.43, 35.43, 0, 90],
		[325, "U1_41_5", 2917.34, -1778.15, "T", "SMD", "U1_41_5", "", "R", 35.43, 35.43, 0, 90],
		[326, "U1_41_6", 2972.46, -1778.15, "T", "SMD", "U1_41_6", "", "R", 35.43, 35.43, 0, 90],
		[327, "U1_41_7", 3027.58, -1778.15, "T", "SMD", "U1_41_7", "", "R", 35.43, 35.43, 0, 90],
		[328, "U2_1", 2736.39, -2489.57, "T", "SMD", "SS2", "", "O", 77.6, 23.7, 0, 0],
		[329, "U2_2", 2736.39, -2539.57, "T", "SMD", "SS3", "", "O", 77.6, 23.7, 0, 0],
		[330, "U2_3", 2736.39, -2589.57, "T", "SMD", "SS4", "", "O", 77.6, 23.7, 0, 0],
		[331, "U2_4", 2736.39, -2639.57, "T", "SMD", "SS5", "", "O", 77.6, 23.7, 0, 0],
		[332, "U2_5", 2736.39, -2689.57, "T", "SMD", "SS6", "", "O", 77.6, 23.7, 0, 0],
		[333, "U2_6", 2736.39, -2739.57, "T", "SMD", "SS1", "", "O", 77.6, 23.7, 0, 0],
		[334, "U2_7", 2736.39, -2789.57, "T", "SMD", "MR1", "", "O", 77.6, 23.7, 0, 0],
		[335, "U2_8", 2736.39, -2839.57, "T", "SMD", "GND", "GND", "O", 77.6, 23.7, 0, 0],
		[336, "U2_9", 2951.79, -2839.57, "T", "SMD", "$1N4114", "", "O", 77.6, 23.7, 0, 0],
		[337, "U2_10", 2951.79, -2789.57, "T", "SMD", "MR", "", "O", 77.6, 23.7, 0, 0],
		[338, "U2_11", 2951.79, -2739.57, "T", "SMD", "SCK", "", "O", 77.6, 23.7, 0, 0],
		[339, "U2_12", 2951.79, -2689.57, "T", "SMD", "DO_SS", "", "O", 77.6, 23.7, 0, 0],
		[340, "U2_13", 2951.79, -2639.57, "T", "SMD", "OE", "", "O", 77.6, 23.7, 0, 0],
		[341, "U2_14", 2951.79, -2589.57, "T", "SMD", "MOSI", "", "O", 77.6, 23.7, 0, 0],
		[342, "U2_15", 2951.79, -2539.57, "T", "SMD", "OE1", "", "O", 77.6, 23.7, 0, 0],
		[343, "U2_16", 2951.79, -2489.57, "T", "SMD", "3V3_EXDEV", "", "O", 77.6, 23.7, 0, 0],
		[344, "U3_1", 2731.67, -2919.49, "T", "SMD", "OUT2", "", "O", 77.6, 23.7, 0, 0],
		[345, "U3_2", 2731.67, -2969.49, "T", "SMD", "OUT3", "", "O", 77.6, 23.7, 0, 0],
		[346, "U3_3", 2731.67, -3019.49, "T", "SMD", "OUT4", "", "O", 77.6, 23.7, 0, 0],
		[347, "U3_4", 2731.67, -3069.49, "T", "SMD", "OUT5", "", "O", 77.6, 23.7, 0, 0],
		[348, "U3_5", 2731.67, -3119.49, "T", "SMD", "OUT6", "", "O", 77.6, 23.7, 0, 0],
		[349, "U3_6", 2731.67, -3169.49, "T", "SMD", "OUT7", "", "O", 77.6, 23.7, 0, 0],
		[350, "U3_7", 2731.67, -3219.49, "T", "SMD", "OUT8", "", "O", 77.6, 23.7, 0, 0],
		[351, "U3_8", 2731.67, -3269.49, "T", "SMD", "GND", "GND", "O", 77.6, 23.7, 0, 0],
		[352, "U3_9", 2947.07, -3269.49, "T", "SMD", "OUT9", "", "O", 77.6, 23.7, 0, 0],
		[353, "U3_10", 2947.07, -3219.49, "T", "SMD", "MR1", "", "O", 77.6, 23.7, 0, 0],
		[354, "U3_11", 2947.07, -3169.49, "T", "SMD", "SCK", "", "O", 77.6, 23.7, 0, 0],
		[355, "U3_12", 2947.07, -3119.49, "T", "SMD", "DO_SS", "", "O", 77.6, 23.7, 0, 0],
		[356, "U3_13", 2947.07, -3069.49, "T", "SMD", "OE1", "", "O", 77.6, 23.7, 0, 0],
		[357, "U3_14", 2947.07, -3019.49, "T", "SMD", "$1N4114", "", "O", 77.6, 23.7, 0, 0],
		[358, "U3_15", 2947.07, -2969.49, "T", "SMD", "OUT1", "", "O", 77.6, 23.7, 0, 0],
		[359, "U3_16", 2947.07, -2919.49, "T", "SMD", "3V3_EXDEV", "", "O", 77.6, 23.7, 0, 0],
		[360, "U4_1", 2705, -3400, "T", "DIP", "GND", "GND", "C", 62.01, 62.01, 40.16, 270],
		[361, "U4_1", 2705, -3400, "B", "DIP", "GND", "GND", "C", 62.01, 62.01, 40.16, 270],
		[362, "U4_2", 2805, -3400, "T", "DIP", "GND", "GND", "C", 62.01, 62.01, 40.16, 270],
		[363, "U4_2", 2805, -3400, "B", "DIP", "GND", "GND", "C", 62.01, 62.01, 40.16, 270],
		[364, "U4_3", 2905, -3400, "T", "DIP", "3V3_EXDEV", "", "C", 62.01, 62.01, 40.16, 270],
		[365, "U4_3", 2905, -3400, "B", "DIP", "3V3_EXDEV", "", "C", 62.01, 62.01, 40.16, 270],
		[366, "U4_4", 3005, -3400, "T", "DIP", "RST_LORA", "", "C", 62.01, 62.01, 40.16, 270],
		[367, "U4_4", 3005, -3400, "B", "DIP", "RST_LORA", "", "C", 62.01, 62.01, 40.16, 270],
		[368, "U4_5", 3105, -3400, "T", "DIP", "DI2_LORA", "", "C", 62.01, 62.01, 40.16, 270],
		[369, "U4_5", 3105, -3400, "B", "DIP", "DI2_LORA", "", "C", 62.01, 62.01, 40.16, 270],
		[370, "U4_6", 3205, -3400, "T", "DIP", "U4_6", "", "C", 62.01, 62.01, 40.16, 270],
		[371, "U4_6", 3205, -3400, "B", "DIP", "U4_6", "", "C", 62.01, 62.01, 40.16, 270],
		[372, "U4_7", 3305, -3400, "T", "DIP", "U4_7", "", "C", 62.01, 62.01, 40.16, 270],
		[373, "U4_7", 3305, -3400, "B", "DIP", "U4_7", "", "C", 62.01, 62.01, 40.16, 270],
		[374, "U4_8", 3405, -3400, "T", "DIP", "U4_8", "", "C", 62.01, 62.01, 40.16, 270],
		[375, "U4_8", 3405, -3400, "B", "DIP", "U4_8", "", "C", 62.01, 62.01, 40.16, 270],
		[376, "U4_9", 3405, -2390, "T", "DIP", "GND", "GND", "C", 62.01, 62.01, 40.16, 270],
		[377, "U4_9", 3405, -2390, "B", "DIP", "GND", "GND", "C", 62.01, 62.01, 40.16, 270],
		[378, "U4_10", 3305, -2390, "T", "DIP", "U4_10", "", "C", 62.01, 62.01, 40.16, 270],
		[379, "U4_10", 3305, -2390, "B", "DIP", "U4_10", "", "C", 62.01, 62.01, 40.16, 270],
		[380, "U4_11", 3205, -2390, "T", "DIP", "U4_11", "", "C", 62.01, 62.01, 40.16, 270],
		[381, "U4_11", 3205, -2390, "B", "DIP", "U4_11", "", "C", 62.01, 62.01, 40.16, 270],
		[382, "U4_12", 3105, -2390, "T", "DIP", "SCK", "", "C", 62.01, 62.01, 40.16, 270],
		[383, "U4_12", 3105, -2390, "B", "DIP", "SCK", "", "C", 62.01, 62.01, 40.16, 270],
		[384, "U4_13", 3005, -2390, "T", "DIP", "MISO", "", "C", 62.01, 62.01, 40.16, 270],
		[385, "U4_13", 3005, -2390, "B", "DIP", "MISO", "", "C", 62.01, 62.01, 40.16, 270],
		[386, "U4_14", 2905, -2390, "T", "DIP", "MOSI", "", "C", 62.01, 62.01, 40.16, 270],
		[387, "U4_14", 2905, -2390, "B", "DIP", "MOSI", "", "C", 62.01, 62.01, 40.16, 270],
		[388, "U4_15", 2805, -2390, "T", "DIP", "LORA_SS", "", "C", 62.01, 62.01, 40.16, 270],
		[389, "U4_15", 2805, -2390, "B", "DIP", "LORA_SS", "", "C", 62.01, 62.01, 40.16, 270],
		[390, "U4_16", 2705, -2390, "T", "DIP", "GND", "GND", "C", 62.01, 62.01, 40.16, 270],
		[391, "U4_16", 2705, -2390, "B", "DIP", "GND", "GND", "C", 62.01, 62.01, 40.16, 270],
		[392, "U5_1", 2573.84, -2782.87, "T", "SMD", "SS1", "", "O", 23.7, 77.6, 0, 90],
		[393, "U5_2", 2573.84, -2732.87, "T", "SMD", "SS6", "", "O", 23.7, 77.6, 0, 90],
		[394, "U5_3", 2573.84, -2682.87, "T", "SMD", "SS5", "", "O", 23.7, 77.6, 0, 90],
		[395, "U5_4", 2573.84, -2632.87, "T", "SMD", "SS4", "", "O", 23.7, 77.6, 0, 90],
		[396, "U5_5", 2573.84, -2582.87, "T", "SMD", "SS3", "", "O", 23.7, 77.6, 0, 90],
		[397, "U5_6", 2573.84, -2532.87, "T", "SMD", "SS2", "", "O", 23.7, 77.6, 0, 90],
		[398, "U5_7", 2573.84, -2482.87, "T", "SMD", "IO46", "", "O", 23.7, 77.6, 0, 90],
		[399, "U5_8", 2573.84, -2432.87, "T", "SMD", "GND", "GND", "O", 23.7, 77.6, 0, 90],
		[400, "U5_9", 2358.44, -2432.87, "T", "SMD", "12V", "", "O", 23.7, 77.6, 0, 90],
		[401, "U5_10", 2358.44, -2482.87, "T", "SMD", "HVDO", "", "O", 23.7, 77.6, 0, 90],
		[402, "U5_11", 2358.44, -2532.87, "T", "SMD", "G6", "", "O", 23.7, 77.6, 0, 90],
		[403, "U5_12", 2358.44, -2582.87, "T", "SMD", "G5", "", "O", 23.7, 77.6, 0, 90],
		[404, "U5_13", 2358.44, -2632.87, "T", "SMD", "G4", "", "O", 23.7, 77.6, 0, 90],
		[405, "U5_14", 2358.44, -2682.87, "T", "SMD", "G3", "", "O", 23.7, 77.6, 0, 90],
		[406, "U5_15", 2358.44, -2732.87, "T", "SMD", "G2", "", "O", 23.7, 77.6, 0, 90],
		[407, "U5_16", 2358.44, -2782.87, "T", "SMD", "G1", "", "O", 23.7, 77.6, 0, 90],
		[408, "U9_1", 1662.6, -3705.18, "T", "SMD", "$1N48858", "", "R", 20.95, 41.14, 0, 0],
		[409, "U9_2", 1700, -3705.18, "T", "SMD", "GND", "GND", "R", 20.95, 41.14, 0, 0],
		[410, "U9_3", 1737.4, -3705.18, "T", "SMD", "$1N31599", "", "R", 20.95, 41.14, 0, 0],
		[411, "U9_4", 1737.4, -3614.82, "T", "SMD", "U9_4", "", "R", 20.95, 41.14, 0, 0],
		[412, "U9_5", 1662.6, -3614.82, "T", "SMD", "3V3_ESP32", "", "R", 20.95, 41.14, 0, 0],
		[413, "U10_1", 1685.7, -5433.66, "T", "SMD", "12V", "", "R", 129.92, 59.49, 0, 270],
		[414, "U10_2", 1785.7, -5433.66, "T", "SMD", "GND", "GND", "R", 129.92, 59.49, 0, 270],
		[415, "U10_3", 1885.7, -5433.66, "T", "SMD", "+5V", "", "R", 129.92, 59.49, 0, 270],
		[416, "U10_4", 1785.7, -5043.75, "T", "SMD", "GND", "GND", "R", 394.49, 398.5, 0, 270],
		[417, "U11_1", 2045.18, -3927.4, "T", "SMD", "$1N51876", "", "R", 20.95, 41.14, 0, 90],
		[418, "U11_2", 2045.18, -3890, "T", "SMD", "GND", "GND", "R", 20.95, 41.14, 0, 90],
		[419, "U11_3", 2045.18, -3852.6, "T", "SMD", "$1N51984", "", "R", 20.95, 41.14, 0, 90],
		[420, "U11_4", 1954.82, -3852.6, "T", "SMD", "U11_4", "", "R", 20.95, 41.14, 0, 90],
		[421, "U11_5", 1954.82, -3927.4, "T", "SMD", "3V3_EXDEV", "", "R", 20.95, 41.14, 0, 90],
		[422, "U$1_A+", 712.6, -1637.01, "T", "DIP", "A+", "", "R", 66, 66, 43.31, 180],
		[423, "U$1_A+", 712.6, -1637.01, "B", "DIP", "A+", "", "R", 66, 66, 43.31, 180],
		[424, "U$1_B-", 712.6, -1437.01, "T", "DIP", "B+", "", "R", 66, 66, 43.31, 180],
		[425, "U$1_B-", 712.6, -1437.01, "B", "DIP", "B+", "", "R", 66, 66, 43.31, 180],
		[426, "U$1_GND", 2309.05, -1287.01, "T", "DIP", "GND", "GND", "R", 59.37, 59.37, 39.37, 180],
		[427, "U$1_GND", 2309.05, -1287.01, "B", "DIP", "GND", "GND", "R", 59.37, 59.37, 39.37, 180],
		[428, "U$1_GROUND", 712.6, -1237.01, "T", "DIP", "GND", "GND", "R", 66, 66, 43.31, 180],
		[429, "U$1_GROUND", 712.6, -1237.01, "B", "DIP", "GND", "GND", "R", 66, 66, 43.31, 180],
		[430, "U$1_RXD", 2309.05, -1387.01, "T", "DIP", "RXD1", "", "R", 59.37, 59.37, 39.37, 180],
		[431, "U$1_RXD", 2309.05, -1387.01, "B", "DIP", "RXD1", "", "R", 59.37, 59.37, 39.37, 180],
		[432, "U$1_TXD", 2309.05, -1487.01, "T", "DIP", "TXD1", "", "R", 59.37, 59.37, 39.37, 180],
		[433, "U$1_TXD", 2309.05, -1487.01, "B", "DIP", "TXD1", "", "R", 59.37, 59.37, 39.37, 180],
		[434, "U$1_VCC", 2309.05, -1587.01, "T", "DIP", "3V3_ESP32", "", "R", 59.37, 59.37, 39.37, 180],
		[435, "U$1_VCC", 2309.05, -1587.01, "B", "DIP", "3V3_ESP32", "", "R", 59.37, 59.37, 39.37, 180],
		[436, "V_1", 1200, -2120, "T", "DIP", "3V3_EXDEV", "", "R", 66.93, 66.93, 43.31, 180],
		[437, "V_1", 1200, -2120, "B", "DIP", "3V3_EXDEV", "", "R", 66.93, 66.93, 43.31, 180],
		[438, "V_2", 1100, -2120, "T", "DIP", "$1N21686", "", "C", 66.93, 66.93, 43.31, 180],
		[439, "V_2", 1100, -2120, "B", "DIP", "$1N21686", "", "C", 66.93, 66.93, 43.31, 180],
		[440, "V_3", 1000, -2120, "T", "DIP", "+5V", "", "C", 66.93, 66.93, 43.31, 180],
		[441, "V_3", 1000, -2120, "B", "DIP", "+5V", "", "C", 66.93, 66.93, 43.31, 180],
		[442, "V1_1", 1540, -2120, "T", "DIP", "3V3_EXDEV", "", "R", 66.93, 66.93, 43.31, 180],
		[443, "V1_1", 1540, -2120, "B", "DIP", "3V3_EXDEV", "", "R", 66.93, 66.93, 43.31, 180],
		[444, "V1_2", 1440, -2120, "T", "DIP", "$1N21719", "", "C", 66.93, 66.93, 43.31, 180],
		[445, "V1_2", 1440, -2120, "B", "DIP", "$1N21719", "", "C", 66.93, 66.93, 43.31, 180],
		[446, "V1_3", 1340, -2120, "T", "DIP", "+5V", "", "C", 66.93, 66.93, 43.31, 180],
		[447, "V1_3", 1340, -2120, "B", "DIP", "+5V", "", "C", 66.93, 66.93, 43.31, 180],
		[448, "VBAT_1", 2350, -2880, "T", "DIP", "$1N25907", "", "R", 66.93, 66.93, 39.37, 0],
		[449, "VBAT_1", 2350, -2880, "B", "DIP", "$1N25907", "", "R", 66.93, 66.93, 39.37, 0],
		[450, "VBAT_2", 2450, -2880, "T", "DIP", "VBAT+", "", "C", 66.93, 66.93, 39.37, 0],
		[451, "VBAT_2", 2450, -2880, "B", "DIP", "VBAT+", "", "C", 66.93, 66.93, 39.37, 0],
		[452, "VBAT_2_1", 2165, -2990, "T", "DIP", "VBAT+", "", "C", 86.61, 86.61, 49.21, 180],
		[453, "VBAT_2_1", 2165, -2990, "B", "DIP", "VBAT+", "", "C", 86.61, 86.61, 49.21, 180],
		[454, "VBAT_2_2", 2015, -2990, "T", "DIP", "$1N25907", "", "C", 86.61, 86.61, 49.21, 180],
		[455, "VBAT_2_2", 2015, -2990, "B", "DIP", "$1N25907", "", "C", 86.61, 86.61, 49.21, 180]
	]
}
}